Resume,Job Role,Skills Required,Salary Estimate,Top Companies,Industry,Growth Path
"Experienced in Pandas, SQL, Python, TensorFlow and other related tools.",Data Scientist,"Python, Machine Learning, SQL, Pandas, TensorFlow, Data Visualization",₹8-18 LPA,"Google, Amazon, Microsoft, TCS, Infosys","IT Services, AI Startups, Product Companies",Data Scientist → Senior Data Scientist → ML Engineer → Data Science Manager
"Experienced in AWS, Jenkins, Kubernetes, CI/CD and other related tools.",DevOps Engineer,"Docker, Kubernetes, AWS, Jenkins, CI/CD, Linux",₹6-16 LPA,"Amazon, Flipkart, ThoughtWorks, Accenture","Cloud Services, DevOps Consulting, Product Companies",DevOps Engineer → Senior DevOps → DevOps Lead → Cloud Architect
"Experienced in AWS, Docker, CI/CD, Jenkins and other related tools.",DevOps Engineer,"Docker, Kubernetes, AWS, Jenkins, CI/CD, Linux",₹6-16 LPA,"Amazon, Flipkart, ThoughtWorks, Accenture","Cloud Services, DevOps Consulting, Product Companies",DevOps Engineer → Senior DevOps → DevOps Lead → Cloud Architect
"Experienced in Microservices, Spring Boot, Hibernate, REST API and other related tools.",Java Developer,"Java, Spring Boot, REST API, Microservices, Hibernate",₹5-14 LPA,"TCS, Infosys, Capgemini, Cognizant, Accenture","IT Services, Banking Software, Enterprise Solutions",Java Developer → Senior Java Developer → Technical Lead → Software Architect
"Experienced in Spring Boot, REST API, Microservices, Java and other related tools.",Java Developer,"Java, Spring Boot, REST API, Microservices, Hibernate",₹5-14 LPA,"TCS, Infosys, Capgemini, Cognizant, Accenture","IT Services, Banking Software, Enterprise Solutions",Java Developer → Senior Java Developer → Technical Lead → Software Architect
"Experienced in Python, Flask, Django, REST API and other related tools.",Python Developer,"Python, Django, Flask, REST API, PostgreSQL",₹5-13 LPA,"Startups, Tech Mahindra, Capgemini, Mphasis","Backend Development, SaaS Companies",Python Developer → Senior Python Developer → Backend Lead → Technical Architect
"Experienced in Express, HTML, JavaScript, CSS and other related tools.",Web Developer,"HTML, CSS, JavaScript, React, Node.js, Express",₹4-12 LPA,"Wipro, Cognizant, Accenture, Infosys, Mindtree","IT Services, Web Agencies, Product Companies",Web Developer → Senior Web Developer → Tech Lead → Frontend/Backend Architect
"Experienced in Django, Flask, PostgreSQL, REST API and other related tools.",Python Developer,"Python, Django, Flask, REST API, PostgreSQL",₹5-13 LPA,"Startups, Tech Mahindra, Capgemini, Mphasis","Backend Development, SaaS Companies",Python Developer → Senior Python Developer → Backend Lead → Technical Architect
"Experienced in Adobe XD, Figma, Wireframing, User Research and other related tools.",UI/UX Designer,"Figma, Adobe XD, Prototyping, Wireframing, User Research",₹3-8 LPA,"Zoho, Freshworks, Practo, Startups","Design Agencies, Product Startups, Consulting",UI/UX Designer → Senior Designer → Design Lead → Product Designer
"Experienced in Spring Boot, Microservices, Hibernate, Java and other related tools.",Java Developer,"Java, Spring Boot, REST API, Microservices, Hibernate",₹5-14 LPA,"TCS, Infosys, Capgemini, Cognizant, Accenture","IT Services, Banking Software, Enterprise Solutions",Java Developer → Senior Java Developer → Technical Lead → Software Architect
"Experienced in Kubernetes, Docker, Jenkins, CI/CD and other related tools.",DevOps Engineer,"Docker, Kubernetes, AWS, Jenkins, CI/CD, Linux",₹6-16 LPA,"Amazon, Flipkart, ThoughtWorks, Accenture","Cloud Services, DevOps Consulting, Product Companies",DevOps Engineer → Senior DevOps → DevOps Lead → Cloud Architect
"Experienced in Linux, Docker, Kubernetes, Jenkins and other related tools.",DevOps Engineer,"Docker, Kubernetes, AWS, Jenkins, CI/CD, Linux",₹6-16 LPA,"Amazon, Flipkart, ThoughtWorks, Accenture","Cloud Services, DevOps Consulting, Product Companies",DevOps Engineer → Senior DevOps → DevOps Lead → Cloud Architect
"Experienced in Django, Python, Flask, PostgreSQL and other related tools.",Python Developer,"Python, Django, Flask, REST API, PostgreSQL",₹5-13 LPA,"Startups, Tech Mahindra, Capgemini, Mphasis","Backend Development, SaaS Companies",Python Developer → Senior Python Developer → Backend Lead → Technical Architect
"Experienced in Jenkins, Docker, AWS, CI/CD and other related tools.",DevOps Engineer,"Docker, Kubernetes, AWS, Jenkins, CI/CD, Linux",₹6-16 LPA,"Amazon, Flipkart, ThoughtWorks, Accenture","Cloud Services, DevOps Consulting, Product Companies",DevOps Engineer → Senior DevOps → DevOps Lead → Cloud Architect
"Experienced in Data Structures, System Design, Algorithms, SDLC and other related tools.",Software Engineer,"C++, Java, System Design, SDLC, Algorithms, Data Structures",₹5-15 LPA,"Google, Microsoft, Oracle, IBM, Infosys","IT Services, Product Companies, MNCs",Software Engineer → Senior Software Engineer → Lead Engineer → Engineering Manager
"Experienced in Data Structures, Algorithms, Java, C++ and other related tools.",Software Engineer,"C++, Java, System Design, SDLC, Algorithms, Data Structures",₹5-15 LPA,"Google, Microsoft, Oracle, IBM, Infosys","IT Services, Product Companies, MNCs",Software Engineer → Senior Software Engineer → Lead Engineer → Engineering Manager
"Experienced in Jetpack Compose, Kotlin, Firebase, Android Studio and other related tools.",Android Developer,"Kotlin, Android Studio, Firebase, Jetpack Compose",₹4-10 LPA,"Swiggy, Zomato, Ola, Paytm, Byju’s","App Development, Startups, Product Companies",Android Developer → Senior Android Developer → Mobile Tech Lead → Product Manager
"Experienced in Spring Boot, Java, Microservices, Hibernate and other related tools.",Java Developer,"Java, Spring Boot, REST API, Microservices, Hibernate",₹5-14 LPA,"TCS, Infosys, Capgemini, Cognizant, Accenture","IT Services, Banking Software, Enterprise Solutions",Java Developer → Senior Java Developer → Technical Lead → Software Architect
"Experienced in REST API, Java, Microservices, Spring Boot and other related tools.",Java Developer,"Java, Spring Boot, REST API, Microservices, Hibernate",₹5-14 LPA,"TCS, Infosys, Capgemini, Cognizant, Accenture","IT Services, Banking Software, Enterprise Solutions",Java Developer → Senior Java Developer → Technical Lead → Software Architect
"Experienced in SDLC, Java, Data Structures, Algorithms and other related tools.",Software Engineer,"C++, Java, System Design, SDLC, Algorithms, Data Structures",₹5-15 LPA,"Google, Microsoft, Oracle, IBM, Infosys","IT Services, Product Companies, MNCs",Software Engineer → Senior Software Engineer → Lead Engineer → Engineering Manager
"Experienced in Java, Algorithms, Data Structures, SDLC and other related tools.",Software Engineer,"C++, Java, System Design, SDLC, Algorithms, Data Structures",₹5-15 LPA,"Google, Microsoft, Oracle, IBM, Infosys","IT Services, Product Companies, MNCs",Software Engineer → Senior Software Engineer → Lead Engineer → Engineering Manager
"Experienced in Wireframing, Figma, Adobe XD, User Research and other related tools.",UI/UX Designer,"Figma, Adobe XD, Prototyping, Wireframing, User Research",₹3-8 LPA,"Zoho, Freshworks, Practo, Startups","Design Agencies, Product Startups, Consulting",UI/UX Designer → Senior Designer → Design Lead → Product Designer
"Experienced in Spring Boot, Hibernate, REST API, Java and other related tools.",Java Developer,"Java, Spring Boot, REST API, Microservices, Hibernate",₹5-14 LPA,"TCS, Infosys, Capgemini, Cognizant, Accenture","IT Services, Banking Software, Enterprise Solutions",Java Developer → Senior Java Developer → Technical Lead → Software Architect
"Experienced in Data Structures, System Design, SDLC, C++ and other related tools.",Software Engineer,"C++, Java, System Design, SDLC, Algorithms, Data Structures",₹5-15 LPA,"Google, Microsoft, Oracle, IBM, Infosys","IT Services, Product Companies, MNCs",Software Engineer → Senior Software Engineer → Lead Engineer → Engineering Manager
"Experienced in CSS, HTML, Node.js, JavaScript and other related tools.",Web Developer,"HTML, CSS, JavaScript, React, Node.js, Express",₹4-12 LPA,"Wipro, Cognizant, Accenture, Infosys, Mindtree","IT Services, Web Agencies, Product Companies",Web Developer → Senior Web Developer → Tech Lead → Frontend/Backend Architect
"Experienced in CI/CD, AWS, Docker, Jenkins and other related tools.",DevOps Engineer,"Docker, Kubernetes, AWS, Jenkins, CI/CD, Linux",₹6-16 LPA,"Amazon, Flipkart, ThoughtWorks, Accenture","Cloud Services, DevOps Consulting, Product Companies",DevOps Engineer → Senior DevOps → DevOps Lead → Cloud Architect
"Experienced in C++, Java, System Design, SDLC and other related tools.",Software Engineer,"C++, Java, System Design, SDLC, Algorithms, Data Structures",₹5-15 LPA,"Google, Microsoft, Oracle, IBM, Infosys","IT Services, Product Companies, MNCs",Software Engineer → Senior Software Engineer → Lead Engineer → Engineering Manager
"Experienced in REST API, Flask, Django, PostgreSQL and other related tools.",Python Developer,"Python, Django, Flask, REST API, PostgreSQL",₹5-13 LPA,"Startups, Tech Mahindra, Capgemini, Mphasis","Backend Development, SaaS Companies",Python Developer → Senior Python Developer → Backend Lead → Technical Architect
"Experienced in Figma, Wireframing, Prototyping, User Research and other related tools.",UI/UX Designer,"Figma, Adobe XD, Prototyping, Wireframing, User Research",₹3-8 LPA,"Zoho, Freshworks, Practo, Startups","Design Agencies, Product Startups, Consulting",UI/UX Designer → Senior Designer → Design Lead → Product Designer
"Experienced in Microservices, Hibernate, Java, Spring Boot and other related tools.",Java Developer,"Java, Spring Boot, REST API, Microservices, Hibernate",₹5-14 LPA,"TCS, Infosys, Capgemini, Cognizant, Accenture","IT Services, Banking Software, Enterprise Solutions",Java Developer → Senior Java Developer → Technical Lead → Software Architect
"Experienced in Firebase, Jetpack Compose, Android Studio, Kotlin and other related tools.",Android Developer,"Kotlin, Android Studio, Firebase, Jetpack Compose",₹4-10 LPA,"Swiggy, Zomato, Ola, Paytm, Byju’s","App Development, Startups, Product Companies",Android Developer → Senior Android Developer → Mobile Tech Lead → Product Manager
"Experienced in Pandas, Machine Learning, SQL, TensorFlow and other related tools.",Data Scientist,"Python, Machine Learning, SQL, Pandas, TensorFlow, Data Visualization",₹8-18 LPA,"Google, Amazon, Microsoft, TCS, Infosys","IT Services, AI Startups, Product Companies",Data Scientist → Senior Data Scientist → ML Engineer → Data Science Manager
"Experienced in Algorithms, SDLC, Java, Data Structures and other related tools.",Software Engineer,"C++, Java, System Design, SDLC, Algorithms, Data Structures",₹5-15 LPA,"Google, Microsoft, Oracle, IBM, Infosys","IT Services, Product Companies, MNCs",Software Engineer → Senior Software Engineer → Lead Engineer → Engineering Manager
"Experienced in Java, Algorithms, System Design, C++ and other related tools.",Software Engineer,"C++, Java, System Design, SDLC, Algorithms, Data Structures",₹5-15 LPA,"Google, Microsoft, Oracle, IBM, Infosys","IT Services, Product Companies, MNCs",Software Engineer → Senior Software Engineer → Lead Engineer → Engineering Manager
"Experienced in TensorFlow, Pandas, Data Visualization, Machine Learning and other related tools.",Data Scientist,"Python, Machine Learning, SQL, Pandas, TensorFlow, Data Visualization",₹8-18 LPA,"Google, Amazon, Microsoft, TCS, Infosys","IT Services, AI Startups, Product Companies",Data Scientist → Senior Data Scientist → ML Engineer → Data Science Manager
"Experienced in Docker, Jenkins, Linux, AWS and other related tools.",DevOps Engineer,"Docker, Kubernetes, AWS, Jenkins, CI/CD, Linux",₹6-16 LPA,"Amazon, Flipkart, ThoughtWorks, Accenture","Cloud Services, DevOps Consulting, Product Companies",DevOps Engineer → Senior DevOps → DevOps Lead → Cloud Architect
"Experienced in System Design, Algorithms, SDLC, Java and other related tools.",Software Engineer,"C++, Java, System Design, SDLC, Algorithms, Data Structures",₹5-15 LPA,"Google, Microsoft, Oracle, IBM, Infosys","IT Services, Product Companies, MNCs",Software Engineer → Senior Software Engineer → Lead Engineer → Engineering Manager
"Experienced in TensorFlow, Machine Learning, Python, SQL and other related tools.",Data Scientist,"Python, Machine Learning, SQL, Pandas, TensorFlow, Data Visualization",₹8-18 LPA,"Google, Amazon, Microsoft, TCS, Infosys","IT Services, AI Startups, Product Companies",Data Scientist → Senior Data Scientist → ML Engineer → Data Science Manager
"Experienced in Jetpack Compose, Kotlin, Android Studio, Firebase and other related tools.",Android Developer,"Kotlin, Android Studio, Firebase, Jetpack Compose",₹4-10 LPA,"Swiggy, Zomato, Ola, Paytm, Byju’s","App Development, Startups, Product Companies",Android Developer → Senior Android Developer → Mobile Tech Lead → Product Manager
"Experienced in Spring Boot, Hibernate, Microservices, REST API and other related tools.",Java Developer,"Java, Spring Boot, REST API, Microservices, Hibernate",₹5-14 LPA,"TCS, Infosys, Capgemini, Cognizant, Accenture","IT Services, Banking Software, Enterprise Solutions",Java Developer → Senior Java Developer → Technical Lead → Software Architect
"Experienced in AWS, Docker, Kubernetes, Jenkins and other related tools.",DevOps Engineer,"Docker, Kubernetes, AWS, Jenkins, CI/CD, Linux",₹6-16 LPA,"Amazon, Flipkart, ThoughtWorks, Accenture","Cloud Services, DevOps Consulting, Product Companies",DevOps Engineer → Senior DevOps → DevOps Lead → Cloud Architect
"Experienced in Data Visualization, Machine Learning, Python, SQL and other related tools.",Data Scientist,"Python, Machine Learning, SQL, Pandas, TensorFlow, Data Visualization",₹8-18 LPA,"Google, Amazon, Microsoft, TCS, Infosys","IT Services, AI Startups, Product Companies",Data Scientist → Senior Data Scientist → ML Engineer → Data Science Manager
"Experienced in Java, Microservices, Hibernate, REST API and other related tools.",Java Developer,"Java, Spring Boot, REST API, Microservices, Hibernate",₹5-14 LPA,"TCS, Infosys, Capgemini, Cognizant, Accenture","IT Services, Banking Software, Enterprise Solutions",Java Developer → Senior Java Developer → Technical Lead → Software Architect
"Experienced in Express, React, JavaScript, HTML and other related tools.",Web Developer,"HTML, CSS, JavaScript, React, Node.js, Express",₹4-12 LPA,"Wipro, Cognizant, Accenture, Infosys, Mindtree","IT Services, Web Agencies, Product Companies",Web Developer → Senior Web Developer → Tech Lead → Frontend/Backend Architect
"Experienced in Machine Learning, TensorFlow, Pandas, Data Visualization and other related tools.",Data Scientist,"Python, Machine Learning, SQL, Pandas, TensorFlow, Data Visualization",₹8-18 LPA,"Google, Amazon, Microsoft, TCS, Infosys","IT Services, AI Startups, Product Companies",Data Scientist → Senior Data Scientist → ML Engineer → Data Science Manager
"Experienced in REST API, PostgreSQL, Python, Flask and other related tools.",Python Developer,"Python, Django, Flask, REST API, PostgreSQL",₹5-13 LPA,"Startups, Tech Mahindra, Capgemini, Mphasis","Backend Development, SaaS Companies",Python Developer → Senior Python Developer → Backend Lead → Technical Architect
"Experienced in Flask, Django, REST API, Python and other related tools.",Python Developer,"Python, Django, Flask, REST API, PostgreSQL",₹5-13 LPA,"Startups, Tech Mahindra, Capgemini, Mphasis","Backend Development, SaaS Companies",Python Developer → Senior Python Developer → Backend Lead → Technical Architect
"Experienced in React, Express, CSS, HTML and other related tools.",Web Developer,"HTML, CSS, JavaScript, React, Node.js, Express",₹4-12 LPA,"Wipro, Cognizant, Accenture, Infosys, Mindtree","IT Services, Web Agencies, Product Companies",Web Developer → Senior Web Developer → Tech Lead → Frontend/Backend Architect
"Experienced in Django, Flask, PostgreSQL, Python and other related tools.",Python Developer,"Python, Django, Flask, REST API, PostgreSQL",₹5-13 LPA,"Startups, Tech Mahindra, Capgemini, Mphasis","Backend Development, SaaS Companies",Python Developer → Senior Python Developer → Backend Lead → Technical Architect
"Experienced in Jetpack Compose, Android Studio, Firebase, Kotlin and other related tools.",Android Developer,"Kotlin, Android Studio, Firebase, Jetpack Compose",₹4-10 LPA,"Swiggy, Zomato, Ola, Paytm, Byju’s","App Development, Startups, Product Companies",Android Developer → Senior Android Developer → Mobile Tech Lead → Product Manager
"Experienced in Prototyping, Figma, User Research, Adobe XD and other related tools.",UI/UX Designer,"Figma, Adobe XD, Prototyping, Wireframing, User Research",₹3-8 LPA,"Zoho, Freshworks, Practo, Startups","Design Agencies, Product Startups, Consulting",UI/UX Designer → Senior Designer → Design Lead → Product Designer
"Experienced in Node.js, Express, React, CSS and other related tools.",Web Developer,"HTML, CSS, JavaScript, React, Node.js, Express",₹4-12 LPA,"Wipro, Cognizant, Accenture, Infosys, Mindtree","IT Services, Web Agencies, Product Companies",Web Developer → Senior Web Developer → Tech Lead → Frontend/Backend Architect
"Experienced in User Research, Figma, Adobe XD, Wireframing and other related tools.",UI/UX Designer,"Figma, Adobe XD, Prototyping, Wireframing, User Research",₹3-8 LPA,"Zoho, Freshworks, Practo, Startups","Design Agencies, Product Startups, Consulting",UI/UX Designer → Senior Designer → Design Lead → Product Designer
"Experienced in Express, JavaScript, React, Node.js and other related tools.",Web Developer,"HTML, CSS, JavaScript, React, Node.js, Express",₹4-12 LPA,"Wipro, Cognizant, Accenture, Infosys, Mindtree","IT Services, Web Agencies, Product Companies",Web Developer → Senior Web Developer → Tech Lead → Frontend/Backend Architect
"Experienced in TensorFlow, SQL, Data Visualization, Machine Learning and other related tools.",Data Scientist,"Python, Machine Learning, SQL, Pandas, TensorFlow, Data Visualization",₹8-18 LPA,"Google, Amazon, Microsoft, TCS, Infosys","IT Services, AI Startups, Product Companies",Data Scientist → Senior Data Scientist → ML Engineer → Data Science Manager
"Experienced in Figma, Adobe XD, Wireframing, User Research and other related tools.",UI/UX Designer,"Figma, Adobe XD, Prototyping, Wireframing, User Research",₹3-8 LPA,"Zoho, Freshworks, Practo, Startups","Design Agencies, Product Startups, Consulting",UI/UX Designer → Senior Designer → Design Lead → Product Designer
"Experienced in HTML, CSS, React, Express and other related tools.",Web Developer,"HTML, CSS, JavaScript, React, Node.js, Express",₹4-12 LPA,"Wipro, Cognizant, Accenture, Infosys, Mindtree","IT Services, Web Agencies, Product Companies",Web Developer → Senior Web Developer → Tech Lead → Frontend/Backend Architect
"Experienced in Algorithms, System Design, C++, Data Structures and other related tools.",Software Engineer,"C++, Java, System Design, SDLC, Algorithms, Data Structures",₹5-15 LPA,"Google, Microsoft, Oracle, IBM, Infosys","IT Services, Product Companies, MNCs",Software Engineer → Senior Software Engineer → Lead Engineer → Engineering Manager
"Experienced in Data Visualization, SQL, Python, Machine Learning and other related tools.",Data Scientist,"Python, Machine Learning, SQL, Pandas, TensorFlow, Data Visualization",₹8-18 LPA,"Google, Amazon, Microsoft, TCS, Infosys","IT Services, AI Startups, Product Companies",Data Scientist → Senior Data Scientist → ML Engineer → Data Science Manager
"Experienced in Figma, Adobe XD, User Research, Prototyping and other related tools.",UI/UX Designer,"Figma, Adobe XD, Prototyping, Wireframing, User Research",₹3-8 LPA,"Zoho, Freshworks, Practo, Startups","Design Agencies, Product Startups, Consulting",UI/UX Designer → Senior Designer → Design Lead → Product Designer
"Experienced in PostgreSQL, Flask, REST API, Python and other related tools.",Python Developer,"Python, Django, Flask, REST API, PostgreSQL",₹5-13 LPA,"Startups, Tech Mahindra, Capgemini, Mphasis","Backend Development, SaaS Companies",Python Developer → Senior Python Developer → Backend Lead → Technical Architect
"Experienced in Jetpack Compose, Firebase, Kotlin, Android Studio and other related tools.",Android Developer,"Kotlin, Android Studio, Firebase, Jetpack Compose",₹4-10 LPA,"Swiggy, Zomato, Ola, Paytm, Byju’s","App Development, Startups, Product Companies",Android Developer → Senior Android Developer → Mobile Tech Lead → Product Manager
"Experienced in Node.js, CSS, React, HTML and other related tools.",Web Developer,"HTML, CSS, JavaScript, React, Node.js, Express",₹4-12 LPA,"Wipro, Cognizant, Accenture, Infosys, Mindtree","IT Services, Web Agencies, Product Companies",Web Developer → Senior Web Developer → Tech Lead → Frontend/Backend Architect
"Experienced in Adobe XD, User Research, Wireframing, Prototyping and other related tools.",UI/UX Designer,"Figma, Adobe XD, Prototyping, Wireframing, User Research",₹3-8 LPA,"Zoho, Freshworks, Practo, Startups","Design Agencies, Product Startups, Consulting",UI/UX Designer → Senior Designer → Design Lead → Product Designer
"Experienced in PostgreSQL, REST API, Python, Django and other related tools.",Python Developer,"Python, Django, Flask, REST API, PostgreSQL",₹5-13 LPA,"Startups, Tech Mahindra, Capgemini, Mphasis","Backend Development, SaaS Companies",Python Developer → Senior Python Developer → Backend Lead → Technical Architect
"Experienced in Algorithms, Java, System Design, C++ and other related tools.",Software Engineer,"C++, Java, System Design, SDLC, Algorithms, Data Structures",₹5-15 LPA,"Google, Microsoft, Oracle, IBM, Infosys","IT Services, Product Companies, MNCs",Software Engineer → Senior Software Engineer → Lead Engineer → Engineering Manager
"Experienced in REST API, Flask, PostgreSQL, Django and other related tools.",Python Developer,"Python, Django, Flask, REST API, PostgreSQL",₹5-13 LPA,"Startups, Tech Mahindra, Capgemini, Mphasis","Backend Development, SaaS Companies",Python Developer → Senior Python Developer → Backend Lead → Technical Architect
"Experienced in Firebase, Kotlin, Jetpack Compose, Android Studio and other related tools.",Android Developer,"Kotlin, Android Studio, Firebase, Jetpack Compose",₹4-10 LPA,"Swiggy, Zomato, Ola, Paytm, Byju’s","App Development, Startups, Product Companies",Android Developer → Senior Android Developer → Mobile Tech Lead → Product Manager
"Experienced in Docker, AWS, Jenkins, Kubernetes and other related tools.",DevOps Engineer,"Docker, Kubernetes, AWS, Jenkins, CI/CD, Linux",₹6-16 LPA,"Amazon, Flipkart, ThoughtWorks, Accenture","Cloud Services, DevOps Consulting, Product Companies",DevOps Engineer → Senior DevOps → DevOps Lead → Cloud Architect
"Experienced in Pandas, Python, TensorFlow, Machine Learning and other related tools.",Data Scientist,"Python, Machine Learning, SQL, Pandas, TensorFlow, Data Visualization",₹8-18 LPA,"Google, Amazon, Microsoft, TCS, Infosys","IT Services, AI Startups, Product Companies",Data Scientist → Senior Data Scientist → ML Engineer → Data Science Manager
"Experienced in Spring Boot, Java, Microservices, REST API and other related tools.",Java Developer,"Java, Spring Boot, REST API, Microservices, Hibernate",₹5-14 LPA,"TCS, Infosys, Capgemini, Cognizant, Accenture","IT Services, Banking Software, Enterprise Solutions",Java Developer → Senior Java Developer → Technical Lead → Software Architect
"Experienced in SDLC, Data Structures, Java, C++ and other related tools.",Software Engineer,"C++, Java, System Design, SDLC, Algorithms, Data Structures",₹5-15 LPA,"Google, Microsoft, Oracle, IBM, Infosys","IT Services, Product Companies, MNCs",Software Engineer → Senior Software Engineer → Lead Engineer → Engineering Manager
"Experienced in Wireframing, Adobe XD, Prototyping, User Research and other related tools.",UI/UX Designer,"Figma, Adobe XD, Prototyping, Wireframing, User Research",₹3-8 LPA,"Zoho, Freshworks, Practo, Startups","Design Agencies, Product Startups, Consulting",UI/UX Designer → Senior Designer → Design Lead → Product Designer
"Experienced in Adobe XD, Wireframing, Figma, User Research and other related tools.",UI/UX Designer,"Figma, Adobe XD, Prototyping, Wireframing, User Research",₹3-8 LPA,"Zoho, Freshworks, Practo, Startups","Design Agencies, Product Startups, Consulting",UI/UX Designer → Senior Designer → Design Lead → Product Designer
"Experienced in CI/CD, Docker, Kubernetes, Jenkins and other related tools.",DevOps Engineer,"Docker, Kubernetes, AWS, Jenkins, CI/CD, Linux",₹6-16 LPA,"Amazon, Flipkart, ThoughtWorks, Accenture","Cloud Services, DevOps Consulting, Product Companies",DevOps Engineer → Senior DevOps → DevOps Lead → Cloud Architect
"Experienced in Firebase, Kotlin, Android Studio, Jetpack Compose and other related tools.",Android Developer,"Kotlin, Android Studio, Firebase, Jetpack Compose",₹4-10 LPA,"Swiggy, Zomato, Ola, Paytm, Byju’s","App Development, Startups, Product Companies",Android Developer → Senior Android Developer → Mobile Tech Lead → Product Manager
"Experienced in Jetpack Compose, Kotlin, Firebase, Android Studio and other related tools.",Android Developer,"Kotlin, Android Studio, Firebase, Jetpack Compose",₹4-10 LPA,"Swiggy, Zomato, Ola, Paytm, Byju’s","App Development, Startups, Product Companies",Android Developer → Senior Android Developer → Mobile Tech Lead → Product Manager
"Experienced in Jenkins, CI/CD, Docker, Kubernetes and other related tools.",DevOps Engineer,"Docker, Kubernetes, AWS, Jenkins, CI/CD, Linux",₹6-16 LPA,"Amazon, Flipkart, ThoughtWorks, Accenture","Cloud Services, DevOps Consulting, Product Companies",DevOps Engineer → Senior DevOps → DevOps Lead → Cloud Architect
"Experienced in Figma, Wireframing, Prototyping, Adobe XD and other related tools.",UI/UX Designer,"Figma, Adobe XD, Prototyping, Wireframing, User Research",₹3-8 LPA,"Zoho, Freshworks, Practo, Startups","Design Agencies, Product Startups, Consulting",UI/UX Designer → Senior Designer → Design Lead → Product Designer
"Experienced in Kotlin, Jetpack Compose, Firebase, Android Studio and other related tools.",Android Developer,"Kotlin, Android Studio, Firebase, Jetpack Compose",₹4-10 LPA,"Swiggy, Zomato, Ola, Paytm, Byju’s","App Development, Startups, Product Companies",Android Developer → Senior Android Developer → Mobile Tech Lead → Product Manager
"Experienced in TensorFlow, Data Visualization, SQL, Python and other related tools.",Data Scientist,"Python, Machine Learning, SQL, Pandas, TensorFlow, Data Visualization",₹8-18 LPA,"Google, Amazon, Microsoft, TCS, Infosys","IT Services, AI Startups, Product Companies",Data Scientist → Senior Data Scientist → ML Engineer → Data Science Manager
"Experienced in Python, Flask, Django, PostgreSQL and other related tools.",Python Developer,"Python, Django, Flask, REST API, PostgreSQL",₹5-13 LPA,"Startups, Tech Mahindra, Capgemini, Mphasis","Backend Development, SaaS Companies",Python Developer → Senior Python Developer → Backend Lead → Technical Architect
"Experienced in Adobe XD, Figma, Prototyping, User Research and other related tools.",UI/UX Designer,"Figma, Adobe XD, Prototyping, Wireframing, User Research",₹3-8 LPA,"Zoho, Freshworks, Practo, Startups","Design Agencies, Product Startups, Consulting",UI/UX Designer → Senior Designer → Design Lead → Product Designer
"Experienced in REST API, PostgreSQL, Flask, Django and other related tools.",Python Developer,"Python, Django, Flask, REST API, PostgreSQL",₹5-13 LPA,"Startups, Tech Mahindra, Capgemini, Mphasis","Backend Development, SaaS Companies",Python Developer → Senior Python Developer → Backend Lead → Technical Architect
"Experienced in CSS, HTML, JavaScript, React and other related tools.",Web Developer,"HTML, CSS, JavaScript, React, Node.js, Express",₹4-12 LPA,"Wipro, Cognizant, Accenture, Infosys, Mindtree","IT Services, Web Agencies, Product Companies",Web Developer → Senior Web Developer → Tech Lead → Frontend/Backend Architect
"Experienced in Firebase, Android Studio, Jetpack Compose, Kotlin and other related tools.",Android Developer,"Kotlin, Android Studio, Firebase, Jetpack Compose",₹4-10 LPA,"Swiggy, Zomato, Ola, Paytm, Byju’s","App Development, Startups, Product Companies",Android Developer → Senior Android Developer → Mobile Tech Lead → Product Manager
"Experienced in Pandas, Machine Learning, TensorFlow, Data Visualization and other related tools.",Data Scientist,"Python, Machine Learning, SQL, Pandas, TensorFlow, Data Visualization",₹8-18 LPA,"Google, Amazon, Microsoft, TCS, Infosys","IT Services, AI Startups, Product Companies",Data Scientist → Senior Data Scientist → ML Engineer → Data Science Manager
"Experienced in REST API, Flask, Django, PostgreSQL and other related tools.",Python Developer,"Python, Django, Flask, REST API, PostgreSQL",₹5-13 LPA,"Startups, Tech Mahindra, Capgemini, Mphasis","Backend Development, SaaS Companies",Python Developer → Senior Python Developer → Backend Lead → Technical Architect
"Experienced in Kotlin, Android Studio, Jetpack Compose, Firebase and other related tools.",Android Developer,"Kotlin, Android Studio, Firebase, Jetpack Compose",₹4-10 LPA,"Swiggy, Zomato, Ola, Paytm, Byju’s","App Development, Startups, Product Companies",Android Developer → Senior Android Developer → Mobile Tech Lead → Product Manager
"Experienced in User Research, Prototyping, Adobe XD, Wireframing and other related tools.",UI/UX Designer,"Figma, Adobe XD, Prototyping, Wireframing, User Research",₹3-8 LPA,"Zoho, Freshworks, Practo, Startups","Design Agencies, Product Startups, Consulting",UI/UX Designer → Senior Designer → Design Lead → Product Designer
"Experienced in PostgreSQL, Django, REST API, Python and other related tools.",Python Developer,"Python, Django, Flask, REST API, PostgreSQL",₹5-13 LPA,"Startups, Tech Mahindra, Capgemini, Mphasis","Backend Development, SaaS Companies",Python Developer → Senior Python Developer → Backend Lead → Technical Architect
"Experienced in Flask, PostgreSQL, Python, Django and other related tools.",Python Developer,"Python, Django, Flask, REST API, PostgreSQL",₹5-13 LPA,"Startups, Tech Mahindra, Capgemini, Mphasis","Backend Development, SaaS Companies",Python Developer → Senior Python Developer → Backend Lead → Technical Architect
"Experienced in Python, Data Visualization, Machine Learning, SQL and other related tools.",Data Scientist,"Python, Machine Learning, SQL, Pandas, TensorFlow, Data Visualization",₹8-18 LPA,"Google, Amazon, Microsoft, TCS, Infosys","IT Services, AI Startups, Product Companies",Data Scientist → Senior Data Scientist → ML Engineer → Data Science Manager
"Experienced in PostgreSQL, Python, Flask, Django and other related tools.",Python Developer,"Python, Django, Flask, REST API, PostgreSQL",₹5-13 LPA,"Startups, Tech Mahindra, Capgemini, Mphasis","Backend Development, SaaS Companies",Python Developer → Senior Python Developer → Backend Lead → Technical Architect
"Experienced in Jetpack Compose, Firebase, Android Studio, Kotlin and other related tools.",Android Developer,"Kotlin, Android Studio, Firebase, Jetpack Compose",₹4-10 LPA,"Swiggy, Zomato, Ola, Paytm, Byju’s","App Development, Startups, Product Companies",Android Developer → Senior Android Developer → Mobile Tech Lead → Product Manager
"Experienced in Wireframing, Prototyping, Figma, User Research and other related tools.",UI/UX Designer,"Figma, Adobe XD, Prototyping, Wireframing, User Research",₹3-8 LPA,"Zoho, Freshworks, Practo, Startups","Design Agencies, Product Startups, Consulting",UI/UX Designer → Senior Designer → Design Lead → Product Designer
"Experienced in REST API, Spring Boot, Hibernate, Microservices and other related tools.",Java Developer,"Java, Spring Boot, REST API, Microservices, Hibernate",₹5-14 LPA,"TCS, Infosys, Capgemini, Cognizant, Accenture","IT Services, Banking Software, Enterprise Solutions",Java Developer → Senior Java Developer → Technical Lead → Software Architect
"Experienced in Microservices, REST API, Java, Hibernate and other related tools.",Java Developer,"Java, Spring Boot, REST API, Microservices, Hibernate",₹5-14 LPA,"TCS, Infosys, Capgemini, Cognizant, Accenture","IT Services, Banking Software, Enterprise Solutions",Java Developer → Senior Java Developer → Technical Lead → Software Architect
"Experienced in Linux, Kubernetes, CI/CD, Docker and other related tools.",DevOps Engineer,"Docker, Kubernetes, AWS, Jenkins, CI/CD, Linux",₹6-16 LPA,"Amazon, Flipkart, ThoughtWorks, Accenture","Cloud Services, DevOps Consulting, Product Companies",DevOps Engineer → Senior DevOps → DevOps Lead → Cloud Architect
"Experienced in Prototyping, Wireframing, User Research, Figma and other related tools.",UI/UX Designer,"Figma, Adobe XD, Prototyping, Wireframing, User Research",₹3-8 LPA,"Zoho, Freshworks, Practo, Startups","Design Agencies, Product Startups, Consulting",UI/UX Designer → Senior Designer → Design Lead → Product Designer
"Experienced in Pandas, TensorFlow, Python, Data Visualization and other related tools.",Data Scientist,"Python, Machine Learning, SQL, Pandas, TensorFlow, Data Visualization",₹8-18 LPA,"Google, Amazon, Microsoft, TCS, Infosys","IT Services, AI Startups, Product Companies",Data Scientist → Senior Data Scientist → ML Engineer → Data Science Manager
"Experienced in C++, System Design, SDLC, Algorithms and other related tools.",Software Engineer,"C++, Java, System Design, SDLC, Algorithms, Data Structures",₹5-15 LPA,"Google, Microsoft, Oracle, IBM, Infosys","IT Services, Product Companies, MNCs",Software Engineer → Senior Software Engineer → Lead Engineer → Engineering Manager
"Experienced in Docker, AWS, Linux, CI/CD and other related tools.",DevOps Engineer,"Docker, Kubernetes, AWS, Jenkins, CI/CD, Linux",₹6-16 LPA,"Amazon, Flipkart, ThoughtWorks, Accenture","Cloud Services, DevOps Consulting, Product Companies",DevOps Engineer → Senior DevOps → DevOps Lead → Cloud Architect
"Experienced in Machine Learning, Python, Data Visualization, TensorFlow and other related tools.",Data Scientist,"Python, Machine Learning, SQL, Pandas, TensorFlow, Data Visualization",₹8-18 LPA,"Google, Amazon, Microsoft, TCS, Infosys","IT Services, AI Startups, Product Companies",Data Scientist → Senior Data Scientist → ML Engineer → Data Science Manager
"Experienced in REST API, Flask, Django, Python and other related tools.",Python Developer,"Python, Django, Flask, REST API, PostgreSQL",₹5-13 LPA,"Startups, Tech Mahindra, Capgemini, Mphasis","Backend Development, SaaS Companies",Python Developer → Senior Python Developer → Backend Lead → Technical Architect
"Experienced in Spring Boot, REST API, Java, Microservices and other related tools.",Java Developer,"Java, Spring Boot, REST API, Microservices, Hibernate",₹5-14 LPA,"TCS, Infosys, Capgemini, Cognizant, Accenture","IT Services, Banking Software, Enterprise Solutions",Java Developer → Senior Java Developer → Technical Lead → Software Architect
"Experienced in Java, Hibernate, REST API, Spring Boot and other related tools.",Java Developer,"Java, Spring Boot, REST API, Microservices, Hibernate",₹5-14 LPA,"TCS, Infosys, Capgemini, Cognizant, Accenture","IT Services, Banking Software, Enterprise Solutions",Java Developer → Senior Java Developer → Technical Lead → Software Architect
"Experienced in Data Structures, Algorithms, C++, Java and other related tools.",Software Engineer,"C++, Java, System Design, SDLC, Algorithms, Data Structures",₹5-15 LPA,"Google, Microsoft, Oracle, IBM, Infosys","IT Services, Product Companies, MNCs",Software Engineer → Senior Software Engineer → Lead Engineer → Engineering Manager
"Experienced in SQL, Machine Learning, Data Visualization, Pandas and other related tools.",Data Scientist,"Python, Machine Learning, SQL, Pandas, TensorFlow, Data Visualization",₹8-18 LPA,"Google, Amazon, Microsoft, TCS, Infosys","IT Services, AI Startups, Product Companies",Data Scientist → Senior Data Scientist → ML Engineer → Data Science Manager
"Experienced in Data Visualization, Machine Learning, Python, Pandas and other related tools.",Data Scientist,"Python, Machine Learning, SQL, Pandas, TensorFlow, Data Visualization",₹8-18 LPA,"Google, Amazon, Microsoft, TCS, Infosys","IT Services, AI Startups, Product Companies",Data Scientist → Senior Data Scientist → ML Engineer → Data Science Manager
"Experienced in Microservices, Hibernate, REST API, Spring Boot and other related tools.",Java Developer,"Java, Spring Boot, REST API, Microservices, Hibernate",₹5-14 LPA,"TCS, Infosys, Capgemini, Cognizant, Accenture","IT Services, Banking Software, Enterprise Solutions",Java Developer → Senior Java Developer → Technical Lead → Software Architect
"Experienced in Prototyping, Wireframing, Figma, User Research and other related tools.",UI/UX Designer,"Figma, Adobe XD, Prototyping, Wireframing, User Research",₹3-8 LPA,"Zoho, Freshworks, Practo, Startups","Design Agencies, Product Startups, Consulting",UI/UX Designer → Senior Designer → Design Lead → Product Designer
"Experienced in User Research, Prototyping, Adobe XD, Wireframing and other related tools.",UI/UX Designer,"Figma, Adobe XD, Prototyping, Wireframing, User Research",₹3-8 LPA,"Zoho, Freshworks, Practo, Startups","Design Agencies, Product Startups, Consulting",UI/UX Designer → Senior Designer → Design Lead → Product Designer
"Experienced in SDLC, System Design, Java, Algorithms and other related tools.",Software Engineer,"C++, Java, System Design, SDLC, Algorithms, Data Structures",₹5-15 LPA,"Google, Microsoft, Oracle, IBM, Infosys","IT Services, Product Companies, MNCs",Software Engineer → Senior Software Engineer → Lead Engineer → Engineering Manager
"Experienced in Express, CSS, Node.js, React and other related tools.",Web Developer,"HTML, CSS, JavaScript, React, Node.js, Express",₹4-12 LPA,"Wipro, Cognizant, Accenture, Infosys, Mindtree","IT Services, Web Agencies, Product Companies",Web Developer → Senior Web Developer → Tech Lead → Frontend/Backend Architect
"Experienced in Flask, Python, REST API, Django and other related tools.",Python Developer,"Python, Django, Flask, REST API, PostgreSQL",₹5-13 LPA,"Startups, Tech Mahindra, Capgemini, Mphasis","Backend Development, SaaS Companies",Python Developer → Senior Python Developer → Backend Lead → Technical Architect
"Experienced in React, CSS, Node.js, Express and other related tools.",Web Developer,"HTML, CSS, JavaScript, React, Node.js, Express",₹4-12 LPA,"Wipro, Cognizant, Accenture, Infosys, Mindtree","IT Services, Web Agencies, Product Companies",Web Developer → Senior Web Developer → Tech Lead → Frontend/Backend Architect
"Experienced in Figma, Adobe XD, User Research, Prototyping and other related tools.",UI/UX Designer,"Figma, Adobe XD, Prototyping, Wireframing, User Research",₹3-8 LPA,"Zoho, Freshworks, Practo, Startups","Design Agencies, Product Startups, Consulting",UI/UX Designer → Senior Designer → Design Lead → Product Designer
"Experienced in Microservices, Hibernate, Java, Spring Boot and other related tools.",Java Developer,"Java, Spring Boot, REST API, Microservices, Hibernate",₹5-14 LPA,"TCS, Infosys, Capgemini, Cognizant, Accenture","IT Services, Banking Software, Enterprise Solutions",Java Developer → Senior Java Developer → Technical Lead → Software Architect
"Experienced in REST API, PostgreSQL, Django, Python and other related tools.",Python Developer,"Python, Django, Flask, REST API, PostgreSQL",₹5-13 LPA,"Startups, Tech Mahindra, Capgemini, Mphasis","Backend Development, SaaS Companies",Python Developer → Senior Python Developer → Backend Lead → Technical Architect
"Experienced in Machine Learning, Data Visualization, Pandas, Python and other related tools.",Data Scientist,"Python, Machine Learning, SQL, Pandas, TensorFlow, Data Visualization",₹8-18 LPA,"Google, Amazon, Microsoft, TCS, Infosys","IT Services, AI Startups, Product Companies",Data Scientist → Senior Data Scientist → ML Engineer → Data Science Manager
"Experienced in Java, REST API, Spring Boot, Hibernate and other related tools.",Java Developer,"Java, Spring Boot, REST API, Microservices, Hibernate",₹5-14 LPA,"TCS, Infosys, Capgemini, Cognizant, Accenture","IT Services, Banking Software, Enterprise Solutions",Java Developer → Senior Java Developer → Technical Lead → Software Architect
"Experienced in CSS, JavaScript, Express, React and other related tools.",Web Developer,"HTML, CSS, JavaScript, React, Node.js, Express",₹4-12 LPA,"Wipro, Cognizant, Accenture, Infosys, Mindtree","IT Services, Web Agencies, Product Companies",Web Developer → Senior Web Developer → Tech Lead → Frontend/Backend Architect
"Experienced in Python, PostgreSQL, Flask, REST API and other related tools.",Python Developer,"Python, Django, Flask, REST API, PostgreSQL",₹5-13 LPA,"Startups, Tech Mahindra, Capgemini, Mphasis","Backend Development, SaaS Companies",Python Developer → Senior Python Developer → Backend Lead → Technical Architect
"Experienced in Kotlin, Firebase, Android Studio, Jetpack Compose and other related tools.",Android Developer,"Kotlin, Android Studio, Firebase, Jetpack Compose",₹4-10 LPA,"Swiggy, Zomato, Ola, Paytm, Byju’s","App Development, Startups, Product Companies",Android Developer → Senior Android Developer → Mobile Tech Lead → Product Manager
"Experienced in Prototyping, User Research, Adobe XD, Figma and other related tools.",UI/UX Designer,"Figma, Adobe XD, Prototyping, Wireframing, User Research",₹3-8 LPA,"Zoho, Freshworks, Practo, Startups","Design Agencies, Product Startups, Consulting",UI/UX Designer → Senior Designer → Design Lead → Product Designer
"Experienced in SQL, TensorFlow, Data Visualization, Python and other related tools.",Data Scientist,"Python, Machine Learning, SQL, Pandas, TensorFlow, Data Visualization",₹8-18 LPA,"Google, Amazon, Microsoft, TCS, Infosys","IT Services, AI Startups, Product Companies",Data Scientist → Senior Data Scientist → ML Engineer → Data Science Manager
"Experienced in TensorFlow, Data Visualization, Python, Pandas and other related tools.",Data Scientist,"Python, Machine Learning, SQL, Pandas, TensorFlow, Data Visualization",₹8-18 LPA,"Google, Amazon, Microsoft, TCS, Infosys","IT Services, AI Startups, Product Companies",Data Scientist → Senior Data Scientist → ML Engineer → Data Science Manager
"Experienced in Flask, PostgreSQL, Django, REST API and other related tools.",Python Developer,"Python, Django, Flask, REST API, PostgreSQL",₹5-13 LPA,"Startups, Tech Mahindra, Capgemini, Mphasis","Backend Development, SaaS Companies",Python Developer → Senior Python Developer → Backend Lead → Technical Architect
"Experienced in Wireframing, User Research, Adobe XD, Figma and other related tools.",UI/UX Designer,"Figma, Adobe XD, Prototyping, Wireframing, User Research",₹3-8 LPA,"Zoho, Freshworks, Practo, Startups","Design Agencies, Product Startups, Consulting",UI/UX Designer → Senior Designer → Design Lead → Product Designer
"Experienced in User Research, Wireframing, Figma, Prototyping and other related tools.",UI/UX Designer,"Figma, Adobe XD, Prototyping, Wireframing, User Research",₹3-8 LPA,"Zoho, Freshworks, Practo, Startups","Design Agencies, Product Startups, Consulting",UI/UX Designer → Senior Designer → Design Lead → Product Designer
"Experienced in Java, Hibernate, Spring Boot, Microservices and other related tools.",Java Developer,"Java, Spring Boot, REST API, Microservices, Hibernate",₹5-14 LPA,"TCS, Infosys, Capgemini, Cognizant, Accenture","IT Services, Banking Software, Enterprise Solutions",Java Developer → Senior Java Developer → Technical Lead → Software Architect
"Experienced in Hibernate, Microservices, REST API, Spring Boot and other related tools.",Java Developer,"Java, Spring Boot, REST API, Microservices, Hibernate",₹5-14 LPA,"TCS, Infosys, Capgemini, Cognizant, Accenture","IT Services, Banking Software, Enterprise Solutions",Java Developer → Senior Java Developer → Technical Lead → Software Architect
"Experienced in Figma, Prototyping, Wireframing, Adobe XD and other related tools.",UI/UX Designer,"Figma, Adobe XD, Prototyping, Wireframing, User Research",₹3-8 LPA,"Zoho, Freshworks, Practo, Startups","Design Agencies, Product Startups, Consulting",UI/UX Designer → Senior Designer → Design Lead → Product Designer
"Experienced in User Research, Figma, Prototyping, Wireframing and other related tools.",UI/UX Designer,"Figma, Adobe XD, Prototyping, Wireframing, User Research",₹3-8 LPA,"Zoho, Freshworks, Practo, Startups","Design Agencies, Product Startups, Consulting",UI/UX Designer → Senior Designer → Design Lead → Product Designer
"Experienced in REST API, Hibernate, Microservices, Java and other related tools.",Java Developer,"Java, Spring Boot, REST API, Microservices, Hibernate",₹5-14 LPA,"TCS, Infosys, Capgemini, Cognizant, Accenture","IT Services, Banking Software, Enterprise Solutions",Java Developer → Senior Java Developer → Technical Lead → Software Architect
"Experienced in Docker, CI/CD, Kubernetes, Linux and other related tools.",DevOps Engineer,"Docker, Kubernetes, AWS, Jenkins, CI/CD, Linux",₹6-16 LPA,"Amazon, Flipkart, ThoughtWorks, Accenture","Cloud Services, DevOps Consulting, Product Companies",DevOps Engineer → Senior DevOps → DevOps Lead → Cloud Architect
"Experienced in React, Express, CSS, HTML and other related tools.",Web Developer,"HTML, CSS, JavaScript, React, Node.js, Express",₹4-12 LPA,"Wipro, Cognizant, Accenture, Infosys, Mindtree","IT Services, Web Agencies, Product Companies",Web Developer → Senior Web Developer → Tech Lead → Frontend/Backend Architect
"Experienced in Adobe XD, Prototyping, Wireframing, User Research and other related tools.",UI/UX Designer,"Figma, Adobe XD, Prototyping, Wireframing, User Research",₹3-8 LPA,"Zoho, Freshworks, Practo, Startups","Design Agencies, Product Startups, Consulting",UI/UX Designer → Senior Designer → Design Lead → Product Designer
"Experienced in HTML, CSS, Express, JavaScript and other related tools.",Web Developer,"HTML, CSS, JavaScript, React, Node.js, Express",₹4-12 LPA,"Wipro, Cognizant, Accenture, Infosys, Mindtree","IT Services, Web Agencies, Product Companies",Web Developer → Senior Web Developer → Tech Lead → Frontend/Backend Architect
"Experienced in SQL, Machine Learning, Pandas, Data Visualization and other related tools.",Data Scientist,"Python, Machine Learning, SQL, Pandas, TensorFlow, Data Visualization",₹8-18 LPA,"Google, Amazon, Microsoft, TCS, Infosys","IT Services, AI Startups, Product Companies",Data Scientist → Senior Data Scientist → ML Engineer → Data Science Manager
"Experienced in Flask, Django, Python, PostgreSQL and other related tools.",Python Developer,"Python, Django, Flask, REST API, PostgreSQL",₹5-13 LPA,"Startups, Tech Mahindra, Capgemini, Mphasis","Backend Development, SaaS Companies",Python Developer → Senior Python Developer → Backend Lead → Technical Architect
"Experienced in Kubernetes, Jenkins, Linux, AWS and other related tools.",DevOps Engineer,"Docker, Kubernetes, AWS, Jenkins, CI/CD, Linux",₹6-16 LPA,"Amazon, Flipkart, ThoughtWorks, Accenture","Cloud Services, DevOps Consulting, Product Companies",DevOps Engineer → Senior DevOps → DevOps Lead → Cloud Architect
"Experienced in Java, Hibernate, REST API, Spring Boot and other related tools.",Java Developer,"Java, Spring Boot, REST API, Microservices, Hibernate",₹5-14 LPA,"TCS, Infosys, Capgemini, Cognizant, Accenture","IT Services, Banking Software, Enterprise Solutions",Java Developer → Senior Java Developer → Technical Lead → Software Architect
"Experienced in AWS, Linux, CI/CD, Docker and other related tools.",DevOps Engineer,"Docker, Kubernetes, AWS, Jenkins, CI/CD, Linux",₹6-16 LPA,"Amazon, Flipkart, ThoughtWorks, Accenture","Cloud Services, DevOps Consulting, Product Companies",DevOps Engineer → Senior DevOps → DevOps Lead → Cloud Architect
"Experienced in REST API, Hibernate, Spring Boot, Java and other related tools.",Java Developer,"Java, Spring Boot, REST API, Microservices, Hibernate",₹5-14 LPA,"TCS, Infosys, Capgemini, Cognizant, Accenture","IT Services, Banking Software, Enterprise Solutions",Java Developer → Senior Java Developer → Technical Lead → Software Architect
"Experienced in Adobe XD, User Research, Figma, Wireframing and other related tools.",UI/UX Designer,"Figma, Adobe XD, Prototyping, Wireframing, User Research",₹3-8 LPA,"Zoho, Freshworks, Practo, Startups","Design Agencies, Product Startups, Consulting",UI/UX Designer → Senior Designer → Design Lead → Product Designer
"Experienced in Django, Flask, Python, REST API and other related tools.",Python Developer,"Python, Django, Flask, REST API, PostgreSQL",₹5-13 LPA,"Startups, Tech Mahindra, Capgemini, Mphasis","Backend Development, SaaS Companies",Python Developer → Senior Python Developer → Backend Lead → Technical Architect
"Experienced in JavaScript, HTML, Node.js, React and other related tools.",Web Developer,"HTML, CSS, JavaScript, React, Node.js, Express",₹4-12 LPA,"Wipro, Cognizant, Accenture, Infosys, Mindtree","IT Services, Web Agencies, Product Companies",Web Developer → Senior Web Developer → Tech Lead → Frontend/Backend Architect
"Experienced in Android Studio, Kotlin, Jetpack Compose, Firebase and other related tools.",Android Developer,"Kotlin, Android Studio, Firebase, Jetpack Compose",₹4-10 LPA,"Swiggy, Zomato, Ola, Paytm, Byju’s","App Development, Startups, Product Companies",Android Developer → Senior Android Developer → Mobile Tech Lead → Product Manager
"Experienced in Jenkins, AWS, Kubernetes, CI/CD and other related tools.",DevOps Engineer,"Docker, Kubernetes, AWS, Jenkins, CI/CD, Linux",₹6-16 LPA,"Amazon, Flipkart, ThoughtWorks, Accenture","Cloud Services, DevOps Consulting, Product Companies",DevOps Engineer → Senior DevOps → DevOps Lead → Cloud Architect
"Experienced in System Design, C++, Algorithms, Java and other related tools.",Software Engineer,"C++, Java, System Design, SDLC, Algorithms, Data Structures",₹5-15 LPA,"Google, Microsoft, Oracle, IBM, Infosys","IT Services, Product Companies, MNCs",Software Engineer → Senior Software Engineer → Lead Engineer → Engineering Manager
"Experienced in Adobe XD, Wireframing, Figma, Prototyping and other related tools.",UI/UX Designer,"Figma, Adobe XD, Prototyping, Wireframing, User Research",₹3-8 LPA,"Zoho, Freshworks, Practo, Startups","Design Agencies, Product Startups, Consulting",UI/UX Designer → Senior Designer → Design Lead → Product Designer
"Experienced in Machine Learning, SQL, Pandas, Python and other related tools.",Data Scientist,"Python, Machine Learning, SQL, Pandas, TensorFlow, Data Visualization",₹8-18 LPA,"Google, Amazon, Microsoft, TCS, Infosys","IT Services, AI Startups, Product Companies",Data Scientist → Senior Data Scientist → ML Engineer → Data Science Manager
"Experienced in Algorithms, System Design, Data Structures, SDLC and other related tools.",Software Engineer,"C++, Java, System Design, SDLC, Algorithms, Data Structures",₹5-15 LPA,"Google, Microsoft, Oracle, IBM, Infosys","IT Services, Product Companies, MNCs",Software Engineer → Senior Software Engineer → Lead Engineer → Engineering Manager
"Experienced in Data Visualization, Python, TensorFlow, Pandas and other related tools.",Data Scientist,"Python, Machine Learning, SQL, Pandas, TensorFlow, Data Visualization",₹8-18 LPA,"Google, Amazon, Microsoft, TCS, Infosys","IT Services, AI Startups, Product Companies",Data Scientist → Senior Data Scientist → ML Engineer → Data Science Manager
"Experienced in Flask, PostgreSQL, Django, REST API and other related tools.",Python Developer,"Python, Django, Flask, REST API, PostgreSQL",₹5-13 LPA,"Startups, Tech Mahindra, Capgemini, Mphasis","Backend Development, SaaS Companies",Python Developer → Senior Python Developer → Backend Lead → Technical Architect
"Experienced in REST API, Spring Boot, Microservices, Java and other related tools.",Java Developer,"Java, Spring Boot, REST API, Microservices, Hibernate",₹5-14 LPA,"TCS, Infosys, Capgemini, Cognizant, Accenture","IT Services, Banking Software, Enterprise Solutions",Java Developer → Senior Java Developer → Technical Lead → Software Architect
"Experienced in Kotlin, Jetpack Compose, Android Studio, Firebase and other related tools.",Android Developer,"Kotlin, Android Studio, Firebase, Jetpack Compose",₹4-10 LPA,"Swiggy, Zomato, Ola, Paytm, Byju’s","App Development, Startups, Product Companies",Android Developer → Senior Android Developer → Mobile Tech Lead → Product Manager
"Experienced in CI/CD, Linux, Kubernetes, AWS and other related tools.",DevOps Engineer,"Docker, Kubernetes, AWS, Jenkins, CI/CD, Linux",₹6-16 LPA,"Amazon, Flipkart, ThoughtWorks, Accenture","Cloud Services, DevOps Consulting, Product Companies",DevOps Engineer → Senior DevOps → DevOps Lead → Cloud Architect
"Experienced in Spring Boot, Hibernate, REST API, Java and other related tools.",Java Developer,"Java, Spring Boot, REST API, Microservices, Hibernate",₹5-14 LPA,"TCS, Infosys, Capgemini, Cognizant, Accenture","IT Services, Banking Software, Enterprise Solutions",Java Developer → Senior Java Developer → Technical Lead → Software Architect
"Experienced in Jetpack Compose, Android Studio, Kotlin, Firebase and other related tools.",Android Developer,"Kotlin, Android Studio, Firebase, Jetpack Compose",₹4-10 LPA,"Swiggy, Zomato, Ola, Paytm, Byju’s","App Development, Startups, Product Companies",Android Developer → Senior Android Developer → Mobile Tech Lead → Product Manager
"Experienced in Jenkins, Linux, CI/CD, AWS and other related tools.",DevOps Engineer,"Docker, Kubernetes, AWS, Jenkins, CI/CD, Linux",₹6-16 LPA,"Amazon, Flipkart, ThoughtWorks, Accenture","Cloud Services, DevOps Consulting, Product Companies",DevOps Engineer → Senior DevOps → DevOps Lead → Cloud Architect
"Experienced in Jenkins, AWS, Docker, Kubernetes and other related tools.",DevOps Engineer,"Docker, Kubernetes, AWS, Jenkins, CI/CD, Linux",₹6-16 LPA,"Amazon, Flipkart, ThoughtWorks, Accenture","Cloud Services, DevOps Consulting, Product Companies",DevOps Engineer → Senior DevOps → DevOps Lead → Cloud Architect
"Experienced in Firebase, Android Studio, Jetpack Compose, Kotlin and other related tools.",Android Developer,"Kotlin, Android Studio, Firebase, Jetpack Compose",₹4-10 LPA,"Swiggy, Zomato, Ola, Paytm, Byju’s","App Development, Startups, Product Companies",Android Developer → Senior Android Developer → Mobile Tech Lead → Product Manager
"Experienced in System Design, C++, Java, SDLC and other related tools.",Software Engineer,"C++, Java, System Design, SDLC, Algorithms, Data Structures",₹5-15 LPA,"Google, Microsoft, Oracle, IBM, Infosys","IT Services, Product Companies, MNCs",Software Engineer → Senior Software Engineer → Lead Engineer → Engineering Manager
"Experienced in Linux, Jenkins, Docker, CI/CD and other related tools.",DevOps Engineer,"Docker, Kubernetes, AWS, Jenkins, CI/CD, Linux",₹6-16 LPA,"Amazon, Flipkart, ThoughtWorks, Accenture","Cloud Services, DevOps Consulting, Product Companies",DevOps Engineer → Senior DevOps → DevOps Lead → Cloud Architect
"Experienced in REST API, Spring Boot, Hibernate, Java and other related tools.",Java Developer,"Java, Spring Boot, REST API, Microservices, Hibernate",₹5-14 LPA,"TCS, Infosys, Capgemini, Cognizant, Accenture","IT Services, Banking Software, Enterprise Solutions",Java Developer → Senior Java Developer → Technical Lead → Software Architect
"Experienced in Figma, Wireframing, User Research, Prototyping and other related tools.",UI/UX Designer,"Figma, Adobe XD, Prototyping, Wireframing, User Research",₹3-8 LPA,"Zoho, Freshworks, Practo, Startups","Design Agencies, Product Startups, Consulting",UI/UX Designer → Senior Designer → Design Lead → Product Designer
"Experienced in C++, SDLC, Data Structures, Java and other related tools.",Software Engineer,"C++, Java, System Design, SDLC, Algorithms, Data Structures",₹5-15 LPA,"Google, Microsoft, Oracle, IBM, Infosys","IT Services, Product Companies, MNCs",Software Engineer → Senior Software Engineer → Lead Engineer → Engineering Manager
"Experienced in Java, REST API, Spring Boot, Microservices and other related tools.",Java Developer,"Java, Spring Boot, REST API, Microservices, Hibernate",₹5-14 LPA,"TCS, Infosys, Capgemini, Cognizant, Accenture","IT Services, Banking Software, Enterprise Solutions",Java Developer → Senior Java Developer → Technical Lead → Software Architect
"Experienced in Python, TensorFlow, Data Visualization, SQL and other related tools.",Data Scientist,"Python, Machine Learning, SQL, Pandas, TensorFlow, Data Visualization",₹8-18 LPA,"Google, Amazon, Microsoft, TCS, Infosys","IT Services, AI Startups, Product Companies",Data Scientist → Senior Data Scientist → ML Engineer → Data Science Manager
"Experienced in CI/CD, AWS, Docker, Kubernetes and other related tools.",DevOps Engineer,"Docker, Kubernetes, AWS, Jenkins, CI/CD, Linux",₹6-16 LPA,"Amazon, Flipkart, ThoughtWorks, Accenture","Cloud Services, DevOps Consulting, Product Companies",DevOps Engineer → Senior DevOps → DevOps Lead → Cloud Architect
"Experienced in Adobe XD, Wireframing, Prototyping, User Research and other related tools.",UI/UX Designer,"Figma, Adobe XD, Prototyping, Wireframing, User Research",₹3-8 LPA,"Zoho, Freshworks, Practo, Startups","Design Agencies, Product Startups, Consulting",UI/UX Designer → Senior Designer → Design Lead → Product Designer
"Experienced in Jetpack Compose, Android Studio, Firebase, Kotlin and other related tools.",Android Developer,"Kotlin, Android Studio, Firebase, Jetpack Compose",₹4-10 LPA,"Swiggy, Zomato, Ola, Paytm, Byju’s","App Development, Startups, Product Companies",Android Developer → Senior Android Developer → Mobile Tech Lead → Product Manager
"Experienced in Android Studio, Kotlin, Jetpack Compose, Firebase and other related tools.",Android Developer,"Kotlin, Android Studio, Firebase, Jetpack Compose",₹4-10 LPA,"Swiggy, Zomato, Ola, Paytm, Byju’s","App Development, Startups, Product Companies",Android Developer → Senior Android Developer → Mobile Tech Lead → Product Manager
"Experienced in SDLC, System Design, Data Structures, C++ and other related tools.",Software Engineer,"C++, Java, System Design, SDLC, Algorithms, Data Structures",₹5-15 LPA,"Google, Microsoft, Oracle, IBM, Infosys","IT Services, Product Companies, MNCs",Software Engineer → Senior Software Engineer → Lead Engineer → Engineering Manager
"Experienced in Data Structures, SDLC, System Design, Java and other related tools.",Software Engineer,"C++, Java, System Design, SDLC, Algorithms, Data Structures",₹5-15 LPA,"Google, Microsoft, Oracle, IBM, Infosys","IT Services, Product Companies, MNCs",Software Engineer → Senior Software Engineer → Lead Engineer → Engineering Manager
"Experienced in JavaScript, React, Node.js, Express and other related tools.",Web Developer,"HTML, CSS, JavaScript, React, Node.js, Express",₹4-12 LPA,"Wipro, Cognizant, Accenture, Infosys, Mindtree","IT Services, Web Agencies, Product Companies",Web Developer → Senior Web Developer → Tech Lead → Frontend/Backend Architect
"Experienced in System Design, Data Structures, C++, Java and other related tools.",Software Engineer,"C++, Java, System Design, SDLC, Algorithms, Data Structures",₹5-15 LPA,"Google, Microsoft, Oracle, IBM, Infosys","IT Services, Product Companies, MNCs",Software Engineer → Senior Software Engineer → Lead Engineer → Engineering Manager
"Experienced in Pandas, TensorFlow, Data Visualization, SQL and other related tools.",Data Scientist,"Python, Machine Learning, SQL, Pandas, TensorFlow, Data Visualization",₹8-18 LPA,"Google, Amazon, Microsoft, TCS, Infosys","IT Services, AI Startups, Product Companies",Data Scientist → Senior Data Scientist → ML Engineer → Data Science Manager
"Experienced in Android Studio, Jetpack Compose, Firebase, Kotlin and other related tools.",Android Developer,"Kotlin, Android Studio, Firebase, Jetpack Compose",₹4-10 LPA,"Swiggy, Zomato, Ola, Paytm, Byju’s","App Development, Startups, Product Companies",Android Developer → Senior Android Developer → Mobile Tech Lead → Product Manager
"Experienced in Adobe XD, Figma, Prototyping, Wireframing and other related tools.",UI/UX Designer,"Figma, Adobe XD, Prototyping, Wireframing, User Research",₹3-8 LPA,"Zoho, Freshworks, Practo, Startups","Design Agencies, Product Startups, Consulting",UI/UX Designer → Senior Designer → Design Lead → Product Designer
"Experienced in User Research, Figma, Prototyping, Wireframing and other related tools.",UI/UX Designer,"Figma, Adobe XD, Prototyping, Wireframing, User Research",₹3-8 LPA,"Zoho, Freshworks, Practo, Startups","Design Agencies, Product Startups, Consulting",UI/UX Designer → Senior Designer → Design Lead → Product Designer
"Experienced in SQL, Pandas, Data Visualization, Machine Learning and other related tools.",Data Scientist,"Python, Machine Learning, SQL, Pandas, TensorFlow, Data Visualization",₹8-18 LPA,"Google, Amazon, Microsoft, TCS, Infosys","IT Services, AI Startups, Product Companies",Data Scientist → Senior Data Scientist → ML Engineer → Data Science Manager
"Experienced in Algorithms, SDLC, Data Structures, System Design and other related tools.",Software Engineer,"C++, Java, System Design, SDLC, Algorithms, Data Structures",₹5-15 LPA,"Google, Microsoft, Oracle, IBM, Infosys","IT Services, Product Companies, MNCs",Software Engineer → Senior Software Engineer → Lead Engineer → Engineering Manager
"Experienced in SDLC, System Design, Data Structures, C++ and other related tools.",Software Engineer,"C++, Java, System Design, SDLC, Algorithms, Data Structures",₹5-15 LPA,"Google, Microsoft, Oracle, IBM, Infosys","IT Services, Product Companies, MNCs",Software Engineer → Senior Software Engineer → Lead Engineer → Engineering Manager
"Experienced in AWS, Linux, CI/CD, Kubernetes and other related tools.",DevOps Engineer,"Docker, Kubernetes, AWS, Jenkins, CI/CD, Linux",₹6-16 LPA,"Amazon, Flipkart, ThoughtWorks, Accenture","Cloud Services, DevOps Consulting, Product Companies",DevOps Engineer → Senior DevOps → DevOps Lead → Cloud Architect
"Experienced in PostgreSQL, Django, Python, REST API and other related tools.",Python Developer,"Python, Django, Flask, REST API, PostgreSQL",₹5-13 LPA,"Startups, Tech Mahindra, Capgemini, Mphasis","Backend Development, SaaS Companies",Python Developer → Senior Python Developer → Backend Lead → Technical Architect
"Experienced in Docker, Jenkins, Kubernetes, Linux and other related tools.",DevOps Engineer,"Docker, Kubernetes, AWS, Jenkins, CI/CD, Linux",₹6-16 LPA,"Amazon, Flipkart, ThoughtWorks, Accenture","Cloud Services, DevOps Consulting, Product Companies",DevOps Engineer → Senior DevOps → DevOps Lead → Cloud Architect
"Experienced in User Research, Figma, Adobe XD, Prototyping and other related tools.",UI/UX Designer,"Figma, Adobe XD, Prototyping, Wireframing, User Research",₹3-8 LPA,"Zoho, Freshworks, Practo, Startups","Design Agencies, Product Startups, Consulting",UI/UX Designer → Senior Designer → Design Lead → Product Designer
"Experienced in Spring Boot, Microservices, REST API, Hibernate and other related tools.",Java Developer,"Java, Spring Boot, REST API, Microservices, Hibernate",₹5-14 LPA,"TCS, Infosys, Capgemini, Cognizant, Accenture","IT Services, Banking Software, Enterprise Solutions",Java Developer → Senior Java Developer → Technical Lead → Software Architect
"Experienced in SQL, TensorFlow, Data Visualization, Python and other related tools.",Data Scientist,"Python, Machine Learning, SQL, Pandas, TensorFlow, Data Visualization",₹8-18 LPA,"Google, Amazon, Microsoft, TCS, Infosys","IT Services, AI Startups, Product Companies",Data Scientist → Senior Data Scientist → ML Engineer → Data Science Manager
"Experienced in System Design, SDLC, Algorithms, C++ and other related tools.",Software Engineer,"C++, Java, System Design, SDLC, Algorithms, Data Structures",₹5-15 LPA,"Google, Microsoft, Oracle, IBM, Infosys","IT Services, Product Companies, MNCs",Software Engineer → Senior Software Engineer → Lead Engineer → Engineering Manager
"Experienced in PostgreSQL, Python, Flask, Django and other related tools.",Python Developer,"Python, Django, Flask, REST API, PostgreSQL",₹5-13 LPA,"Startups, Tech Mahindra, Capgemini, Mphasis","Backend Development, SaaS Companies",Python Developer → Senior Python Developer → Backend Lead → Technical Architect
"Experienced in JavaScript, Node.js, CSS, HTML and other related tools.",Web Developer,"HTML, CSS, JavaScript, React, Node.js, Express",₹4-12 LPA,"Wipro, Cognizant, Accenture, Infosys, Mindtree","IT Services, Web Agencies, Product Companies",Web Developer → Senior Web Developer → Tech Lead → Frontend/Backend Architect
"Experienced in Algorithms, System Design, Data Structures, SDLC and other related tools.",Software Engineer,"C++, Java, System Design, SDLC, Algorithms, Data Structures",₹5-15 LPA,"Google, Microsoft, Oracle, IBM, Infosys","IT Services, Product Companies, MNCs",Software Engineer → Senior Software Engineer → Lead Engineer → Engineering Manager
"Experienced in Firebase, Android Studio, Kotlin, Jetpack Compose and other related tools.",Android Developer,"Kotlin, Android Studio, Firebase, Jetpack Compose",₹4-10 LPA,"Swiggy, Zomato, Ola, Paytm, Byju’s","App Development, Startups, Product Companies",Android Developer → Senior Android Developer → Mobile Tech Lead → Product Manager
"Experienced in AWS, Kubernetes, Docker, CI/CD and other related tools.",DevOps Engineer,"Docker, Kubernetes, AWS, Jenkins, CI/CD, Linux",₹6-16 LPA,"Amazon, Flipkart, ThoughtWorks, Accenture","Cloud Services, DevOps Consulting, Product Companies",DevOps Engineer → Senior DevOps → DevOps Lead → Cloud Architect
"Experienced in REST API, Python, Django, PostgreSQL and other related tools.",Python Developer,"Python, Django, Flask, REST API, PostgreSQL",₹5-13 LPA,"Startups, Tech Mahindra, Capgemini, Mphasis","Backend Development, SaaS Companies",Python Developer → Senior Python Developer → Backend Lead → Technical Architect
